pws_id,mean_lot_size,median_lot_size
1010001,0.3661071862655375,0.17727603305785122
1010003,0.28436378549840863,0.1446517906336088
1010004,0.40866082014630206,0.13518062442607898
1010007,0.5454189130059125,0.127435261707989
1010018,0.6732543105170644,0.14059894398530762
1010019,0.8286860423360513,0.15052075298438936
1010024,0.6981708875757262,0.14309825528007347
1010027,0.19817989574957068,0.14672956841138657
1010029,1.0337297407549306,0.14411786042240587
110001,0.5008464369455179,0.11341717171717171
110003,0.3169975673965096,0.13274095500459138
110005,1.5258100918210602,0.09870348943985308
110006,0.3936034375295186,0.10567998163452708
110008,0.7510745832567679,0.13141707988980716
110009,0.75507593753611,0.11522075298438936
110011,0.4214329542144778,0.13567796143250688
1110002,0.1986503320880033,0.13310371900826445
1110003,0.23626429522041306,0.15071239669421488
1210001,0.3416820523879752,0.14052800734618917
1210004,0.13222078491188127,0.11466712580348945
1210006,0.2938736929077838,0.14881083562901748
1210009,0.2892020745546659,0.1446786042240588
1210013,0.3277791301674165,0.1365977961432507
1210016,0.32267734520736235,0.17950183654729107
1210021,1.0115130645295936,0.5595270890725436
1310001,0.14799026502985446,0.14273507805325988
1310003,0.1991021012261654,0.1814097337006428
1310004,0.15337097725964308,0.14526345270890728
1310011,0.31614251606978877,0.35297318640955
1500333,0.49454604486422665,0.4872727272727273
1500374,2.3372620687393413,2.458677685950413
1500407,0.7939787318485316,0.4735537190082645
1510001,0.25907221577991785,0.12276859504132231
1510003,0.615663926960594,0.1366574839302112
1510005,0.17200350852239565,0.12050045913682277
1510006,0.27408338181579806,0.14807621671258037
1510012,0.21930816112306498,0.13373737373737374
1510015,0.19151712439959645,0.12831267217630854
1510017,0.4408227284650661,0.15165977961432506
1510018,0.4592658123363688,0.12460055096418733
1510019,0.39469407323688727,0.1431404958677686
1510020,0.2594742706483168,0.14323232323232324
1510021,0.26212911141651146,0.13201561065197429
1510022,0.6823461446893896,0.13192378328741966
1510024,0.23978815277380358,0.1351836547291093
1510026,0.8458720833748216,0.6119329660238751
1510029,0.4310112827358131,0.20401285583103765
1510031,0.23222069033924794,0.14502295684113867
1510032,0.3707026446713606,0.19134986225895317
1510033,0.7507461394369308,0.1846556473829201
1510039,0.2811521496889219,0.14694214876033057
1510043,0.4572299400935765,0.26181818181818184
1510049,0.27088738854014566,0.13998163452708906
1510055,0.30035771333355027,0.19966483011937558
1510056,0.24397535965717784,0.15574609733700642
1610003,0.19794598307503944,0.14461928374655647
1610004,0.359576711655632,0.15673535353535353
1710002,0.14958103764921948,0.12058999081726356
1710005,0.15464402982998027,0.12239898989898991
1810001,0.2978321065802754,0.15414178145087237
1910001,0.2405295300847981,0.12594655647382919
1910003,0.288406526969484,0.16981331496786042
1910004,0.1705393792591824,0.09359591368227732
1910007,0.31126128120662677,0.1278605142332415
1910009,0.2331960446153409,0.11951887052341598
1910010,0.1742975624008682,0.14853131313131313
1910011,0.1383344944453361,0.11223815426997244
1910013,0.20261923732815354,0.11351280991735538
1910017,0.9086400170063361,0.1346536271808999
1910019,0.1568711624527345,0.09484481175390266
1910021,0.11967480036160344,0.10239958677685951
1910024,0.22744194950576826,0.1899669421487603
1910026,0.1273169030959885,0.10537364554637282
1910028,0.2270046915932247,0.13545573921028464
1910030,0.8922444913655956,0.10501092745638199
1910033,0.2794661960192799,0.09675840220385676
1910034,0.1588291865184999,0.11594242424242424
1910036,0.1262758740874137,0.097877318640955
1910038,0.17487080065822616,0.12063774104683195
1910039,0.24522523201644988,0.12513980716253442
1910040,0.29239950463370856,0.11211216712580349
1910042,0.1873353950603891,0.1060382920110193
1910043,0.2399633807152347,0.1432050505050505
1910044,0.2510038366006231,0.1681362718089991
1910047,0.11589104106208319,0.09757741046831955
1910048,0.9089500927849806,0.13466189164370984
1910049,0.13262152498942748,0.10367180899908174
1910051,0.22433703941060376,0.11105335169880624
1910052,0.17795087619118916,0.11845472910927457
1910062,0.20438496262813807,0.14876776859504132
1910063,0.2071467034458,0.1516880624426079
1910065,0.30179997619731336,0.10166051423324152
1910067,0.31258343857951426,0.1264471992653811
1910070,0.263555853246405,0.1371564738292011
1910072,0.14665868043245955,0.10253498622589532
1910073,0.2349145134763485,0.11444573002754821
1910077,0.10617422594741743,0.09490404040404041
1910079,0.12626966136821252,0.11217777777777779
1910083,0.11224991302066402,0.07500743801652893
1910090,0.20992335283560104,0.14284279155188245
1910091,0.2588415980191416,0.12083287419651056
1910092,0.18667571711739883,0.1285214416896235
1910096,0.9122970127440612,0.13469894398530763
1910098,0.160466789181688,0.10009632690541781
1910101,0.16488008487954084,0.11818365472910926
1910102,0.22727654292895025,0.13331634527089073
1910104,0.5154944519473044,0.19560798898071624
1910105,0.31289447391706643,0.10761955922865014
1910124,0.29054092731280173,0.1559505509641873
1910125,0.1591717405913609,0.10429003673094582
1910126,0.19287011678529659,0.13795032139577595
1910127,0.21980541772790022,0.14618503213957762
1910130,0.3147436330275385,0.1679509641873278
1910134,0.2265405839601064,0.10192249770431588
1910139,0.24038919156392466,0.14537199265381084
1910140,0.22082091083298705,0.16502598714416897
1910142,0.3149186297029276,0.15237488521579431
1910143,0.21182526586087028,0.12965463728191
1910144,0.19737308011768806,0.13666574839302112
1910146,0.1923881305112632,0.13017052341597796
1910148,0.2553349293144634,0.17282695133149678
1910149,0.540834843711353,0.10974113865932048
1910152,0.11612593519503639,0.1012739210284665
1910155,0.15954928682292835,0.10279651056014691
1910156,0.39810725576490286,0.15093709825528007
1910157,0.16609119851351445,0.13449485766758495
1910161,0.1281173228924217,0.10871349862258953
1910166,0.31200916786478416,0.19660348943985306
1910167,0.14586191290696005,0.10246271808999081
1910173,0.3620744616052955,0.13654003673094584
1910174,0.18558173316539034,0.12196675849403124
1910179,0.17619782050803837,0.12324095500459135
1910186,0.22154462818999102,0.12929540863177227
1910191,0.13797507427974331,0.09609719926538109
1910194,0.25462430383560297,0.1319574839302112
1910195,0.2185931672092829,0.1077481634527089
1910203,0.8981751638863381,0.8715859963269055
1910204,0.8267214389640167,0.20193287419651057
1910205,0.28158648168494443,0.14315936639118457
1910211,0.15951496740160245,0.09694940312213039
1910212,0.22532541644333087,0.12902015610651976
1910213,0.17883641083495108,0.10303269054178144
1910223,0.30059803464979623,0.1295435261707989
1910225,0.8080884559137603,0.17506611570247932
1910234,0.4838764497670286,0.17712626262626263
1910239,0.1354048807557508,0.09371680440771349
1910240,0.9122970127440612,0.13469894398530763
1910241,0.19628669703571663,0.1371629017447199
1910242,0.2740689072543618,0.10087061524334251
1910243,2.1518739669421487,2.1518739669421487
1910245,0.20275814545448623,0.10735243342516071
1910247,0.9122970127440612,0.13469894398530763
1910250,0.7583480709101781,0.17043939393939395
1910255,0.11188511376390164,0.1138633608815427
2010001,1.4274622059485187,0.14325298438934803
2010002,2.3111450830365947,0.12911483011937558
2010009,0.6086096099616409,0.4577823691460055
2110002,0.21700645960567697,0.1428368227731864
2110003,0.27911598564332074,0.16217154882154883
2110006,1.9597159932659933,0.9691919191919192
2110007,0.1238761049892868,0.15023347107438018
2310003,0.20356425912703313,0.12139577594123048
2410001,1.5014104891316842,0.13442607897153352
2410004,0.23350359469812915,0.12002295684113867
2410005,3.364695552556191,0.12538108356290176
2410008,1.4561633041630402,0.1590633608815427
2410009,1.2345033442935434,0.13184573002754824
2610001,0.17839484032572875,0.15605907560453014
2701202,0.11027913865932047,0.09393246097337006
2701257,NA,NA
2701466,2.3133226584022037,2.8554224058769515
2701882,0.8611396354786994,0.5489947199265381
2701929,NA,NA
2702004,0.49029648760330574,0.3601916896235078
2710001,0.1655593508127513,0.10935394857667585
2710004,0.3959698191176993,0.11847511478420569
2710006,0.6849891674489947,0.23567805325987146
2710008,3.5011340849826,0.11561414141414142
2710009,0.14575478664129932,0.11574618916437099
2710010,0.237271162634792,0.11359100091827364
2710011,0.1363957147708516,0.11414343434343435
2710012,4.395043909557157,0.18547277318640956
2710013,0.7808951142760701,0.3152295684113866
2710017,6.318196017134859,0.1364540863177227
2710019,0.8363996355970459,0.2812346648301194
2710021,1.6999494144549192,0.9703475665748393
2710022,2.568427606214497,1.849395087235996
2810003,0.4406880333153096,0.12667033976124886
2810005,0.2303712571102689,0.1206809917355372
2910003,0.448457690938948,0.28192148760330576
2910004,0.8803084905853904,0.2788292011019283
2910006,1.3036831723453723,0.5862075298438935
2910010,0.5811510942760942,0.40963154269972446
2910014,0.71846421619316,0.3244903581267218
2910023,0.44314670918377796,0.3101469237832874
3010001,0.45123687437833204,0.13261101928374655
3010002,0.185116638366163,0.1326238751147842
3010003,0.14851089831010603,0.1145358126721763
3010004,0.440402533959452,0.12221943679216406
3010010,0.4869397912930632,0.13840284664830121
3010017,0.11729255393668453,0.09544536271809
3010018,0.5718933816821279,0.13121910009182738
3010022,0.14868058996484265,0.11359531680440771
3010023,0.20666109560948304,0.08442947658402203
3010027,0.5545887813640296,0.13707070707070707
3010030,0.5614637461418911,0.12322846648301193
3010035,0.14421584644196525,0.13026666666666667
3010036,0.23118016199136548,0.11115950413223141
3010037,0.24150323055129458,0.16583627180899907
3010038,1.1402976167467276,0.11936694214876033
3010041,0.17808659810793584,0.08560752984389348
3010042,0.20308168542154556,0.10741262626262627
3010046,0.7851711618412687,0.16409866850321397
3010047,0.4227354929811399,0.3640203856749311
3010053,0.2416565000397133,0.10923351698806244
3010062,0.3554856409371135,0.13775179063360882
3010064,0.17170681216052405,0.12080238751147843
3010068,0.7082884993013456,0.2863971533516988
3010069,0.1365722917711186,0.1283200183654729
3010073,0.26130397897550534,0.13492364554637282
3010079,3.496559330351845,0.11303397612488521
3010092,0.4360243196919482,0.09304761248852159
3010094,0.25433162155465183,0.112955463728191
3010100,0.0804023569023569,0.08662460973370065
3010101,0.18677316423088608,0.10076588613406795
310002,0.8133587525503653,0.1528053259871442
310003,2.3006397426213807,0.35874655647382925
310012,1.4459946751327017,0.8169214876033057
310019,1.012660997325029,0.6347382920110193
310021,0.8097311843272361,0.4725321395775941
3110001,62.043207682889516,0.13030091827364557
3110004,0.17292510616086007,0.11995371900826446
3110005,0.6703539942420507,0.2089297520661157
3110006,0.7437038005255636,0.3300450872359963
3110008,2.408579204153848,0.1330364554637282
3110010,18.56456489160818,0.20377998163452707
3110011,0.2353257116620753,0.2271710743801653
3110013,0.16624204929608258,0.12279797979797978
3110023,0.27148353229262323,0.2529901744719927
3110024,2.415896008570554,2.1647382920110196
3110025,0.5514605750451564,0.16456464646464647
3110026,0.5353281440496387,0.19595794306703399
3110036,275.25759931486584,0.23790968778696053
3110043,0.6958762167125804,0.6958762167125804
3110044,0.25810080195898377,0.26516336088154274
3110050,1.0150267676767677,1.0150267676767677
3110124,NA,NA
3110150,2.1011468233471073,2.011753902662994
3310001,1.1555766651459105,0.12487603305785125
3310002,0.2806376653497684,0.13117079889807162
3310005,0.845781993116777,0.13575757575757577
3310006,1.0143487729416993,0.12868686868686868
3310007,0.2161022907358318,0.12276170798898071
3310008,1.543329271390417,0.14202249770431588
3310009,1.5786999412362592,0.13914600550964187
3310012,0.3773532468342521,0.14694214876033057
3310016,2.2610459980105566,0.10763085399449038
3310020,0.8890537286047501,0.12973829201101927
3310021,0.8275903299059232,0.15154040404040403
3310022,0.5305552312778117,0.15196969696969698
3310025,0.579024436665341,0.4556611570247934
3310031,0.7120064718161662,0.15226813590449953
3310032,1.3989981360590407,0.14435720844811756
3310037,0.471392807352365,0.14304866850321396
3310038,0.8016983255037418,0.13798898071625343
3310044,1.4634095166558923,0.1558953168044077
3310048,10.32953501763205,4.760247933884298
3310049,0.9982483821128123,0.21174931129476585
3310051,0.2272329134749092,0.17090679522497704
3310052,0.5592964491093603,0.1524517906336088
3400101,0.3613621757887624,0.1291349862258953
3400106,0.09868327424610508,0.07112589531680441
3400156,0.1639974839302112,0.1279144168962351
3400173,2.0811365325533675,1.1176767676767678
3400473,6.0497050045913685,6.0497050045913685
3410001,0.22529471457388134,0.13926694214876034
3410002,0.30280866850704846,0.24002405876951333
3410003,0.1410648444545496,0.11518365472910928
3410004,0.2806649180455776,0.20109141414141415
3410006,0.2637266093259036,0.16314389348025712
3410008,0.35867799811193474,0.14329100091827365
3410009,0.34397198553769986,0.21786042240587694
3410010,0.22909337726031961,0.1214233241505969
3410011,0.21610640217382027,0.13770330578512396
3410012,1.5364767767038645,0.11347107438016528
3410013,0.14633644572181462,0.12668962350780533
3410014,0.21531562052629197,0.14442617079889808
3410015,0.19217486340676718,0.13411111111111113
3410017,0.2120686139623236,0.11751547291092745
3410018,0.6792890582102662,0.20564049586776859
3410020,0.1820956654079086,0.11558769513314968
3410021,0.573907109788058,0.23205229568411387
3410023,0.18120313249073522,0.12316143250688705
3410027,0.33797741411621807,0.13010550964187328
3410029,0.3753776582125499,0.11780523415977963
3410030,0.3690521678060062,0.29176294765840216
3410031,0.14649353641889026,0.11089935720844812
3410034,0.23040073479115425,0.1214233241505969
3410045,0.46282501292600386,0.20649219467401286
3410047,2.2063167350270376,0.18844146005509643
3410704,0.22481508135939954,0.11752089072543617
3510001,7.688551144605383,0.11778351698806246
3510003,0.26435979905983503,0.12439393939393939
3600010,0.26651192653810835,0.25318595041322317
3600270,1.5471444184146403,0.611455463728191
3600279,2.212839564475928,1.7789072543617999
3600283,0.32130293698253787,0.1960941230486685
3600395,NA,NA
3610001,0.5673354337377099,0.14700495867768595
3610003,0.5772654037430046,0.44637800734618915
3610004,0.23471299770217358,0.15836473829201103
3610005,0.26184338870522134,0.19674118457300277
3610008,0.24366566108611565,0.11838650137741047
3610012,0.25840433692722387,0.1282048668503214
3610013,0.20563080406970602,0.14709237832874195
3610014,0.24056617057154184,0.1405635904499541
3610015,0.17010793001355598,0.13299173553719007
3610018,0.6604566289033689,0.13329765840220387
3610022,0.26462892878629557,0.17319058769513312
3610024,0.618975195072893,0.4181003673094582
3610025,1.5664769439230877,0.46481808999081725
3610029,0.2865223974367029,0.1426961432506887
3610034,0.26039063045642447,0.13398686868686868
3610036,0.17252033316222654,0.11662424242424242
3610037,0.3045021859661536,0.1563168044077135
3610038,0.18201835920466217,0.15282543617998162
3610039,0.2240840720913364,0.1429595041322314
3610041,0.21518595809281738,0.13839458218549128
3610043,0.4299961886215412,0.1519530303030303
3610044,0.22361637206119545,0.15077878787878787
3610045,0.1308691386933306,0.0908380624426079
3610047,0.20311574839302113,0.20311574839302113
3610049,0.9356656699539747,0.23062323232323234
3610050,0.21899778819080717,0.15954214876033057
3610052,0.28296757790859356,0.14523094582185492
3610055,1.0637946914421152,0.20908613406795223
3610057,0.3041742817314691,0.16719063360881542
3610063,0.8859563369311227,0.39336528925619835
3610064,0.20147897782094557,0.15303636363636364
3610073,1.0402309175950804,0.42125743801652893
3610105,0.9329954989099021,0.6500800734618917
3610107,0.5309218744670485,0.4207517906336088
3610108,1.38161639386784,0.6172598255280074
3610118,1.6320061328384645,0.17883112947658403
3610120,2.5958264541430847,2.1941873278236916
3610121,0.1952663138019624,0.1411342056932966
3610125,1.9725818822871488,2.036516069788797
3710001,0.8301366832289027,0.10538108356290177
3710002,0.9012188377425286,0.16401937557392104
3710005,1.4181370182404298,0.1715219773492501
3710006,0.7987245793069602,0.16015537190082646
3710008,1.3322143436275462,0.37058158861340673
3710010,0.6514290425642947,0.1966131772268136
3710013,1.1379581512784884,0.3597796143250689
3710014,0.4049640405372194,0.12263393021120295
3710015,1.8255507326791602,0.17615987144168965
3710016,2.2643051907812497,1.4408960820324457
3710018,0.5323994548745767,0.15896694214876034
3710019,1.698449474356941,0.655050505050505
3710020,0.5197764596205436,0.11886005509641873
3710021,0.3994625632821981,0.16070959595959594
3710023,2.1036723514097844,0.7730119375573922
3710025,1.6210471841407017,0.15588631772268136
3710026,2.0491142310000914,1.079501071319253
3710027,0.5089193765456519,0.2094754820936639
3710029,1.2946514585248843,0.1740931588613407
3710034,1.1662371268499414,0.14757300275482094
3710037,0.7347319901137377,0.15805785123966942
3710042,0.7498472292345979,0.1347989898989899
3810011,0.13139340967222876,0.03538732782369146
3910001,0.22384041924953163,0.11663209366391183
3910004,0.155837219011214,0.114364738292011
3910005,0.17811437187941745,0.12272584940312213
3910006,NA,NA
3910011,0.15974244322191242,0.10828783287419651
3910015,0.24069109716179377,0.11263112947658402
3910027,0.19938323648286252,0.09103218549127641
4010001,3.4376670167789705,0.13019843893480257
4010002,1.6270164857300669,0.5055367309458219
4010007,1.0352517474865823,0.14641033057851238
4010008,0.1013108347136462,0.09000633608815427
4010009,1.0210949007179604,0.1177734618916437
4010011,0.0893061814046653,0.07885234159779615
4010014,0.20373555977024838,0.09727341597796144
4010017,0.20777096854862748,0.10995041322314049
4010018,0.6883323868051141,0.4793112947658402
4010023,1.1438463221557265,0.3111793388429752
4010026,0.6082857880566441,0.14754366391184573
4010040,0.7537852019888259,0.21716262626262628
410002,0.22722294850670446,0.14064967860422406
410005,0.17833514634032496,0.1110376492194674
410006,1.1347127728586348,0.266574839302112
410007,0.6677733008954858,0.40266069788797065
410011,0.2548774110824742,0.22000918273645548
410012,14.256866539293226,8.519380165289256
4110001,0.3962688795588581,0.1245257116620753
4110003,0.5136526134459201,0.1088317722681359
4110006,0.787692662981806,0.21682580348943986
4110007,0.735877477917321,0.12293783287419652
4110008,2.012603626535366,0.1186803489439853
4110009,0.3405369103720209,0.08379963269054179
4110011,0.19415836734884967,0.1171903122130395
4110013,2.6953547450902313,0.04894481175390267
4110016,0.6347928261198147,0.462131129476584
4110017,0.3659291673757583,0.1143165748393021
4110018,0.7994689036430991,0.11227070707070706
4110021,1.9291029377825115,0.10667355371900827
4110022,1.2112666593628842,0.12379963269054178
4110023,5.927822712573025,0.09620495867768594
4110025,0.6742900256109626,0.09794398530762168
4110027,1.194814024517678,0.09276143250688705
4200560,0.12788108356290173,0.12788108356290173
4210001,0.40394443987022954,0.1362075298438935
4210004,0.41295488624319543,0.15466023875114784
4210006,0.14804929964696867,0.12161616161616162
4210007,0.9063078450772313,0.6313039485766759
4210010,0.26769488203385605,0.15485307621671257
4210011,0.12599190011979683,0.12003902662993574
4210016,0.22102971289410842,0.19912764003673095
4210021,0.15706556673453906,0.1475941230486685
4210022,0.6445441632231405,0.6406829660238751
4310001,0.20327959481349658,0.1507339761248852
4310004,0.18269362099934658,0.12508383838383838
4310005,0.14035532542212026,0.09821955922865012
4310006,0.3597164673298802,0.1441837924701561
4310007,0.15229969366648705,0.0916520202020202
4310009,0.17188940458428448,0.12411322314049587
4310011,0.16884323437649384,0.11325215794306703
4310012,0.16459384218193746,0.10848815426997246
4310014,0.16153621598252818,0.11088227731864095
4310018,0.20990709180739658,0.14116042240587695
4310019,0.7725454725807597,0.09283507805325987
4310020,0.19616463484065047,0.11304793388429753
4310022,0.19387205027748677,0.10704995408631772
4410010,0.19463910523160677,0.11171258034894398
4410011,0.2823381475024384,0.12573737373737373
4410013,0.678289238163097,0.26457897153351695
4410014,0.5500253586927113,0.233599173553719
4410017,0.22442236350221711,0.10939784205693297
4510001,0.17135493189470463,0.13118457300275482
4510005,0.302121874617386,0.1924334251606979
4510006,0.27758209366391184,0.2604338842975207
4510014,0.7356948436938555,0.18252984389348026
4710011,2.389054100672144,0.19678002754820936
4810001,0.1332368924121048,0.14021694214876035
4810002,0.14254533830410804,0.12990358126721763
4810003,0.14972278266922642,0.11685950413223142
4810004,0.10546341645562653,0.09532603305785123
4810005,0.16764614379862244,0.11048466483011937
4810007,0.13690754361705768,0.1103099173553719
4810008,0.1661325167156347,0.11687966023875115
4810021,0.13797034829637944,0.11098751147842056
4900514,0.23251017097380733,0.14132846648301195
4900546,0.3227821944939592,0.3549464646464646
4900785,0.9997912329031947,0.28359146005509644
4910002,0.18480265198833762,0.1251595041322314
4910004,1.1698236069804684,0.12908342516069787
4910005,2.6339354805470974,0.1391248852157943
4910006,0.4485536347297589,0.11416923783287419
4910009,0.2620383536265391,0.12216808999081727
4910012,0.20141352382940295,0.12975417814508722
4910013,0.591071441507059,0.14079306703397612
4910014,0.1372770612873303,0.10684600550964186
4910017,0.4212533203461069,0.1200026629935721
4910018,1.0265686549229225,0.26385886134067954
4910020,0.45547999770944725,0.12562626262626264
4910023,0.44135731730450034,0.1440609733700643
4910024,0.2747119388004021,0.149755463728191
4910028,1.7429752380946577,0.1701818181818182
5010010,1.0144258828563981,0.12297658402203855
5010013,0.2249362111770716,0.13179595959595958
5010014,4.36525105162631,0.12020835629017448
5010017,0.1641510001956018,0.12000027548209367
5010018,0.20433698158740818,0.12192258953168042
5010019,0.7253624337338158,0.12773067033976127
5010023,0.25686909472529307,0.15114692378328742
5010028,0.18886254138726855,0.12632561983471075
5010029,0.5112628454881887,0.4196094582185491
5010031,0.3902007210148624,0.3320458218549127
5010033,0.15684887574662387,0.14426955922865015
5010034,0.19289062317388764,0.15667594123048667
5010035,0.1911118829573375,0.16749118457300277
510004,NA,NA
510005,NA,NA
510006,NA,NA
510016,NA,NA
510017,NA,NA
510019,NA,NA
5110002,0.2398221792011741,0.14031450872359963
5400935,0.599876492194674,0.17572543617998165
5410002,0.379854857372207,0.1462993572084481
5410003,0.2334188883366388,0.15036042240587696
5410010,0.2527781929263715,0.13610651974288338
5410016,0.2465197112560994,0.1455325987144169
5410041,0.17630723210062052,0.1710514233241506
5500363,5.640569119222528,4.917715794306703
5510001,0.8079507844813515,0.21851124885215795
5510002,1.5045422749070132,0.498236914600551
5510003,0.3617552218197827,0.13777777777777778
5510009,1.2445380539270936,0.38099862258953165
5510012,1.4679294753383019,0.38094582185491277
5510013,0.7727160224528729,0.24830808080808084
5510015,0.6826369503441058,0.39457300275482093
5510021,0.8081590026135482,0.2975941230486685
5510025,0.16810136210590756,0.151643709825528
5510028,0.8589225844301602,0.6963797061524334
5510033,1.3728823506612764,0.9362213039485767
5602140,0.8683542360669634,0.7707694214876033
5610007,0.08881542240134052,0.10052396694214875
5610009,0.06715577233040387,0.055656565656565654
5610010,0.12379100056027223,0.11932653810835629
5610011,0.17926502241314368,0.11953976124885216
5610014,0.5094756704327492,0.1730643709825528
5610016,0.2675287493827237,0.12770532598714418
5610017,0.1300973292460096,0.11402378328741966
5610018,0.21490363312650032,0.12477842056932965
5610019,0.13096364820726053,0.13159201101928375
5610020,0.22203930986040735,0.17942341597796144
5610023,0.20825542795885044,0.14812607897153351
5610024,0.43507521713687847,0.13767842056932966
5610040,0.21227058059785334,0.1598032598714417
5610043,0.10099211111201939,0.0986404499540863
5610059,0.12760532860768192,0.12502690541781453
5610063,0.4503002630241492,0.10681574839302113
5610080,0.05721358697531562,0.03936929905111723
5610081,2.0257246068863406,0.41785032139577594
5700712,24.841607897153352,19.957688246097334
5710001,0.18064152033155245,0.12443553719008264
5710003,0.14291261867051838,0.11314554637281912
5710006,0.7115644677360274,0.11894931129476582
5805001,0.3235617921944139,0.17381772268135906
5810001,1.281827847687661,0.11508264462809917
5810002,0.36201982025445634,0.20593204775022955
5810003,0.4737594584489404,0.17773645546372818
5810005,1.5631781720952846,0.3915977961432507
710001,3.170792887739355,0.11931019283746556
710002,0.5900254343229803,0.10230431588613406
710003,2.939001121638894,0.12333553719008264
710004,0.1636498853181279,0.11859540863177227
710006,1.080747285560536,0.12274416896235077
710007,0.8292128840797323,0.1209487603305785
710008,0.43909362799304397,0.10822764003673094
710009,0.14042081672456508,0.12546988062442607
810001,NA,NA
810003,NA,NA
910001,2.494748584138946,0.3882920110192838
910002,0.265670228378747,0.1547107438016529
910013,7.107413624235493,3.9637442607897153
910017,0.5039001771618852,0.3474132231404959
910018,1.3122154844597678,0.400119375573921
