raw_agency,username,pws_id
antelope valley-east kern wa,Antelope Valley - East Kern Water Agency,1910045
"redding, city of",Redding  City Of,4510005
castaic lake wa,Castaic Lake Water Agency,1910048
"fresno, city of",Fresno  City Of,1010007
"madera, cty of",Madera  City Of,2010002
santa barbara cty fcwcd,Santa Barbara  City Of,4210010
"coalinga, city of",Coalinga  City Of,1010004
contra costa wd,Contra Costa Water District,710003
"huron, city of",Huron  City Of,1010044
western mwd,Western Municipal Water District,3310049
centerville csd,Centerville Community Services District,4510011
"tracy, city of",Tracy  City Of,3910011
pg&e,PG&E HELMS SUPPORT FACILITY,1000472
mwdsc,METROPOLITAN WATER DISTRICT,
santa clara valley wd,Santa Clara Valley Water District,4310027
"lindsay, city of",Lindsay  City Of,5410006
nipomo csd,Nipomo Community Service District,4010026
eastern mwd,Eastern Municipal Water District,3310009
"san diego, city of",San Diego  City Of,3710020
"whittier, city of",Whittier  City Of,1910173
chevron usa,Chevron Oil Field Water System,2701171
"hawthorne, city of",Hawthorne  City Of,1910047
"redding, city of (city council, dir. of pub. wks.)",Redding  City Of,4510005
tesoro refining and marketing,Golden Eagle Refinery (TESOR0),707625
san luis obispo cty fcwcd,San Luis Obispo County Flood Control And Water Conservation,4010009
sacramento suburban wd,Sacramento Suburban Water District,3410001
"butte, cty of",Butte City Community Service District,1100711
crestline-lake arrowhead wa,Crestline - Lake Arrowhead Water Agency,3610005
san bernardino valley mwd,San Bernardino Valley Municipal Water District,3610019
mojave wa,Mojave Water Agency,
vandenberg air force base,US Air Force  Vandenberg Air Force Base,"	
3110003"
foresthill pud,Foresthill Public Utilities District,
"redding, city of (buckeye)",Redding  City Of,4510005
"redding, city of (sac river)",Redding  City Of,4510005
santa clarita valley wa,Santa Clarita Water Company,1910017
carmichael wd,Carmichael Water District,3410004
el dorado id,El Dorado Irrigation District - Main,910001
"sacramento, city of",Sacramento  City Of,3410020
san juan wd,San Juan Water District,3410021
"orange cove, city of",Orange Cove  City Of,1010023
"west sacramento, city of",West Sacramento  City Of,5710003
ventura cty wpd,VENTURA CO WATERWORKS DIST #1,5610018
"avenal, city of",Avenal City Of,1610002
"sand city, city of",Del Monte Farms Road Water System No 03,2700541
cucamonga valley wd,CUCAMONGA VALLEY WATER DISTRICT,3610018
palmdale wd,Palmdale Water District,1910102
sacramento mud,Sacramento Municipal Utility District,
"santa barbara, city of",Santa Barbara  City Of,4210010
"santa monica, city of",Santa Monica City of,4210010
montecito wd,Montecito Water District,4210007
san gorgonio pass wa,San Gorgonio Pass Water Agency,
"redding, city of (buckeye contract)",Redding  City Of,4510005
"shasta lake, city of",Shasta Lake  City Of,4510006
mountain gate csd,Mountain Gate Community Services District,4510002
orange cty wd,Orange County Water District,
shasta county water agency,Shasta County Water Agency,
san gabriel valley mwd,San Gabriel Valley Municipal Water District,
sacramento regl cty sanitation dist,Sacramento County Water Maintenance District,
"clovis, city of",Clovis  City Of,1010003
solano cty wa,Solano County Water Agency,
east bay mud,East Bay Municipal Utility District,
fallbrook pud,Fallbrook Public Utilities District,3710008
woodlands mutual wco,Woodland Heights Mutual Water Company,2702439
merced cty sphere of influence water users assn,Merced Irrigation District,2410009
rancho california wd,Rancho California Water District,3310038
olivenhain mwd,Olivenhain Municipal Water District,3710029
otay wd,Otay Water District,3710034
"poway, city of",Poway  City Of,3710015
california domestic wco,CALIFORNIA DOMESTIC WATER COMPANY,1910199
san diego cty wauth,San Diego County Water Authority,3710042
golden state wco,GOLDEN STATE WC - WEST ORANGE,3010022
lake california property owners association,Lake California Property Owners Association,
california water service co-hawthorne,CALIFORNIA WATER SERVICE CO. - HERM/REDO,1910134
napa cty fcwcd,Napa County Flood Control and Water Conservation District,
napa cty fcwcd,NAPA CO. F.C.W.C.D.,
mwdsc & state water contractors,METROPOLITAN WATER DISTRICT,
nat. cemetery,US Vetrans Association San Joaquin National Cemetery,
alameda cty wd,Alameda County Water District,110001
"tuolumne, cty of",Tuolumne Utilities District,5510003
"tuolumne, cty of",Tuolumne Utilities District,5510003
zone 7 wa,Alameda County Flood Control District  Zone 7,110001
shasta csd,Shasta Community Services District,
veterans cemetary,US Vetrans Association San Joaquin National Cemetery,
century ranch,COLUSA CO. SERVICE AREA #1-CENTURY RANCH,600012
mwdsc and slr indians,METROPOLITAN WATER DISTRICT,
lemoore naval air station,Lemoore Naval Air Station,1610700
"modesto, city of",Modesto  City Of,5010010
"escalon, manteca, lathrop, tracy",Escalon  City Of,3910003
"lodi, city of",Lodi  City Of,3910004
"stockton, city of",Stockton  City Of,3910012
newhall land and farming co.,Newhall Land & Farming Company,
santa margarita wd,Santa Margarita Water District,3010101
"roseville, city of",Roseville  City Of,3110008
fresno cty ww,Fresno County Waterworks District,
dublin san ramon sd,Dublin San Ramon Services District,110009
west kern wd,West Kern Water District,1510022
borrego wd,Borrego Water District,3710036
tesoro refining & marketing co,Golden Eagle Refinery (TESOR0),707625
desert wa,Desert Water Agency,3310005
mcconnell foundation,Redding  City Of,
clear creek csd,Clear Creek Community Services District,4510016
placer cty wa,Placer County Water Agency,3110025
bella vista wd,Bella Vista Water District,4510014
oroville-wyandotte id/south feather w&pa,Oroville Wyandotte Irrigation District,
usbr orland project,Orland  City Of,1110001
"garden highway mwco; south sutter wd; tule basin farms; sacramento, city of; sacramento suburban wd",Garden Highway Mutual Water Company,
"unknown sellers (garden highway mwco; tule basin farms; sacramento, city of; sacramento suburban wd and others)",Garden Highway Mutual Water Company,
santa ynez river wcd 1,SANTA YNEZ RIVER WATER CONS. DIST. ID#1,4210020
usbr,,
"tulare, cty of",Tulare  City Of,5410015
coachella valley wd,Coachella Valley Water District,3310007
"fresno, cty of",Fresno  City Of,1010007
"colusa, cty of",Colusa  City Of,610002
eight state water contractor agencies,,
tehama colusa wua,Colusa Drain Water Users Association,
cdwr & usbr,,
"dudley ridge wd, kern cty wa, palmdale wd",,1910102